縣市,鄉鎮市區,地政事務所,地段名稱,段代碼,段延伸碼,鄉鎮市區代碼,測量方法,測量類別,成圖年月,座標系統,比例尺,數化年月
臺中市,豐原區,豐原,豐原段,2400,0,09,圖解法,修正測量,1974-4,地籍座標,600,2001-10
臺中市,豐原區,豐原,大湳段,2401,0,09,圖解法,日據時代地籍圖,0-0,地籍座標,1200,-
臺中市,豐原區,豐原,下南坑段,2402,無,09,數化轉繪,國有林班地,2007-9,TWD67二度TM座標,5000,-
臺中市,豐原區,豐原,上南坑段,2403,1,09,圖解法,解除林班地,1975-12,地籍座標,1200,2003-03
臺中市,豐原區,豐原,圳寮段(豐原),2404,無,09,查無資料,查無資料,-,-,-,-
臺中市,豐原區,豐原,翁子段,2405,1,09,圖解法,日據時代地籍圖,0-0,地籍座標,1200,2003-03
臺中市,豐原區,豐原,社皮段,2407,無,09,圖解法,日據時代地籍圖,0-0,地籍座標,1200,-
臺中市,豐原區,豐原,烏牛欄段烏牛欄小段,2409,無,09,查無資料,查無資料,-,-,-,-
臺中市,豐原區,豐原,烏牛欄段田心子小段,2410,無,09,查無資料,查無資料,-,-,-,-
臺中市,豐原區,豐原,車路墘段車路墘小段,2411,0,09,圖解法,修正測量,1974-7,地籍座標,600,2001-10
臺中市,豐原區,豐原,車路墘段溝子墘小段,2412,無,09,數值法,市地重劃,2018-10,TWD97二度TM座標,500,-
臺中市,豐原區,豐原,北陽段,2413,無,09,數值法,地籍圖重測,1986-5,TWD67二度TM座標,500,-
臺中市,豐原區,豐原,向陽段,2414,無,09,數值法,地籍圖重測,1986-5,TWD67二度TM座標,500,-
臺中市,豐原區,豐原,中陽段,2415,無,09,數值法,地籍圖重測,1986-5,TWD67二度TM座標,500,-
臺中市,豐原區,豐原,陽明段,2416,無,09,數值法,地籍圖重測,1986-5,TWD67二度TM座標,500,-
臺中市,豐原區,豐原,博愛段,2417,無,09,數值法,地籍圖重測,1986-5,TWD67二度TM座標,500,-
臺中市,豐原區,豐原,東陽段,2418,無,09,數值法,地籍圖重測,1987-5,TWD67二度TM座標,500,-
臺中市,豐原區,豐原,豐東段,2419,無,09,數值法,地籍圖重測,1987-5,TWD67二度TM座標,500,-
臺中市,豐原區,豐原,南陽段,2421,無,09,數值法,地籍圖重測,1987-5,TWD67二度TM座標,500,-
臺中市,豐原區,豐原,安康段,2422,無,09,數值法,地籍圖重測,1987-5,TWD67二度TM座標,500,-
臺中市,豐原區,豐原,南村段,2423,無,09,數值法,地籍圖重測,1987-5,TWD67二度TM座標,500,-
臺中市,豐原區,豐原,慈興段,2424,無,09,數值法,地籍圖重測,1988-5,TWD67二度TM座標,500,-
臺中市,豐原區,豐原,東湳段,2425,無,09,數值法,地籍圖重測,1988-5,TWD67二度TM座標,500,-
臺中市,豐原區,豐原,大順段,2426,無,09,數值法,地籍圖重測,1988-5,TWD67二度TM座標,500,-
臺中市,豐原區,豐原,大仁段,2427,無,09,數值法,地籍圖重測,1988-5,TWD67二度TM座標,500,-
臺中市,豐原區,豐原,豐中段,2428,無,09,數值法,地籍圖重測,1988-5,TWD67二度TM座標,500,-
臺中市,豐原區,豐原,龍宮段,2429,無,09,數值法,地籍圖重測,1988-5,TWD67二度TM座標,500,-
臺中市,豐原區,豐原,西湳段,2430,無,09,數值法,地籍圖重測,1988-5,TWD67二度TM座標,500,-
臺中市,豐原區,豐原,豐洲段,2431,無,09,數值法,地籍圖重測,1988-5,TWD67二度TM座標,500,-
臺中市,豐原區,豐原,豐南段,2432,無,09,數值法,地籍圖重測,1992-5,TWD67二度TM座標,500,-
臺中市,豐原區,豐原,柑宅段,2433,無,09,數值法,地籍圖重測,1992-5,TWD67二度TM座標,500,-
臺中市,豐原區,豐原,豐田段,2434,無,09,數值法,地籍圖重測,1992-5,TWD67二度TM座標,500,-
臺中市,豐原區,豐原,鎮宮段,2435,無,09,數值法,地籍圖重測,1992-5,TWD67二度TM座標,500,-
臺中市,豐原區,豐原,福德段,2436,無,09,數值法,地籍圖重測,1992-5,TWD67二度TM座標,500,-
臺中市,豐原區,豐原,市政段,2437,無,09,數值法,地籍圖重測,1992-5,TWD67二度TM座標,500,-
臺中市,豐原區,豐原,育仁段,2438,無,09,數值法,地籍圖重測,1992-5,TWD67二度TM座標,500,-
臺中市,豐原區,豐原,合作段,2439,無,09,數值法,地籍圖重測,1992-5,TWD67二度TM座標,500,-
臺中市,豐原區,豐原,成功段,2440,無,09,數值法,市地重劃,1996-5,TWD67二度TM座標,500,-
臺中市,豐原區,豐原,豐村段,2442,無,09,數值法,地籍圖重測,1996-5,TWD67二度TM座標,500,-
臺中市,豐原區,豐原,永豐段,2443,無,09,數值法,地籍圖重測,1996-5,TWD67二度TM座標,500,-
臺中市,豐原區,豐原,翁明段,2444,無,09,數值法,地籍圖重測,1996-5,TWD67二度TM座標,500,-
臺中市,豐原區,豐原,三豐段,2445,無,09,數值法,市地重劃,1998-4,TWD67二度TM座標,500,-
臺中市,豐原區,豐原,下街段,2446,無,09,數值法,地籍圖重測,1998-5,TWD67二度TM座標,500,-
臺中市,豐原區,豐原,豐圳段,2447,無,09,數值法,地籍圖重測,1998-5,TWD67二度TM座標,500,-
臺中市,豐原區,豐原,建成段,2448,無,09,數值法,地籍圖重測,1998-5,TWD67二度TM座標,500,-
臺中市,豐原區,豐原,一心段,2449,無,09,數值法,地籍圖重測,1998-5,TWD67二度TM座標,500,-
臺中市,豐原區,豐原,五汴段,2450,無,09,數值法,地籍圖重測,1998-5,TWD67二度TM座標,500,-
臺中市,豐原區,豐原,豐社段,2451,無,09,數值法,地籍圖重測,1998-5,TWD67二度TM座標,500,-
臺中市,豐原區,豐原,豐年段,2452,無,09,數值法,地籍圖重測,2000-10,TWD97二度TM座標,500,-
臺中市,豐原區,豐原,萬年段,2453,無,09,數值法,地籍圖重測,2000-10,TWD97二度TM座標,500,-
臺中市,豐原區,豐原,福興段,2454,無,09,數值法,地籍圖重測,2000-10,TWD97二度TM座標,500,-
臺中市,豐原區,豐原,順豐段,2455,無,09,數值法,地籍圖重測,2000-10,TWD97二度TM座標,500,-
臺中市,豐原區,豐原,萬順段,2456,無,09,數值法,地籍圖重測,2000-10,TWD97二度TM座標,500,-
臺中市,豐原區,豐原,師範段,2457,無,09,數值法,地籍圖重測,2000-10,TWD97二度TM座標,500,-
臺中市,豐原區,豐原,聯合段,2458,無,09,數值法,地籍圖重測,2001-8,TWD97二度TM座標,500,-
臺中市,豐原區,豐原,葫蘆墩段,2459,無,09,數值法,地籍圖重測,2001-8,TWD97二度TM座標,500,-
臺中市,豐原區,豐原,豐陽段,2460,無,09,數值法,地籍圖重測,2001-8,TWD97二度TM座標,500,-
臺中市,豐原區,豐原,南田段,2461,無,09,數值法,地籍圖重測,2001-8,TWD97二度TM座標,500,-
臺中市,豐原區,豐原,新水源段,2462,無,09,數值法,地籍圖重測,2001-8,TWD97二度TM座標,500,-
臺中市,豐原區,豐原,南嵩段,2463,無,09,數值法,地籍圖重測,2001-8,TWD97二度TM座標,500,-
臺中市,豐原區,豐原,新東陽段,2464,無,09,數值法,地籍圖重測,2001-8,TWD97二度TM座標,500,-
臺中市,豐原區,豐原,新綠山段,2465,無,09,數值法,地籍圖重測,2001-8,TWD97二度TM座標,500,-
臺中市,豐原區,豐原,復興段,2466,無,09,數值法,地籍圖重測,2001-8,TWD97二度TM座標,500,-
臺中市,豐原區,豐原,朝陽段,2467,無,09,數值法,地籍圖重測,2001-8,TWD97二度TM座標,500,-
臺中市,豐原區,豐原,鐮村段,2468,無,09,數值法,地籍圖重測,2001-8,TWD97二度TM座標,500,-
臺中市,豐原區,豐原,鳳山段,2469,無,09,數值法,地籍圖重測,2001-8,TWD97二度TM座標,500,-
臺中市,豐原區,豐原,豐新段,2470,無,09,數值法,地籍圖重測,2001-8,TWD97二度TM座標,500,-
臺中市,豐原區,豐原,三陽段,2471,無,09,數值法,市地重劃,2005-11,TWD97二度TM座標,500,-
臺中市,豐原區,豐原,三和段,2472,無,09,數值法,市地重劃,2004-11,TWD97二度TM座標,500,-
臺中市,豐原區,豐原,福陽段,2473,無,09,數值法,市地重劃,2010-9,TWD97二度TM座標,500,-
臺中市,豐原區,豐原,東湳北段,2474,無,09,數值法,地籍圖重測,2011-9,TWD97二度TM座標,500,-
臺中市,豐原區,豐原,西湳北段,2475,無,09,數值法,地籍圖重測,2011-9,TWD97二度TM座標,500,-
臺中市,豐原區,豐原,北天段,2476,無,09,數值法,地籍圖重測,2011-9,TWD97二度TM座標,500,-
臺中市,豐原區,豐原,中興段,2477,無,09,數值法,市地重劃,2012-4,TWD97二度TM座標,500,-
臺中市,豐原區,豐原,博安段,2478,無,09,數值法,市地重劃,2014-12,TWD97二度TM座標,500,-
臺中市,豐原區,豐原,議前段,2479,無,09,數值法,地籍圖重測,2023-11,TWD97[2010],500,-
臺中市,豐原區,豐原,三村段,2480,無,09,數值法,地籍圖重測,2023-11,TWD97[2010],500,-
臺中市,豐原區,豐原,公老坪段,2481,無,09,數值法,地籍圖重測,2023-6,TWD97[2010],500,-
臺中市,豐原區,豐原,豐栗段,2482,無,09,數值法,地籍圖重測,2025-11,TWD97[2010],500,-
臺中市,后里區,豐原,后里段,3000,0,15,圖解法,日據時代地籍圖,1900-1,地籍座標,1200,2003-03
臺中市,后里區,豐原,牛稠坑段七星小段,3002,0,15,圖解法,農地重劃,1963-11,地籍座標,1200,2003-03
臺中市,后里區,豐原,屯子腳段,3003,1,15,圖解法,日據時代地籍圖,1900-1,地籍座標,1200,2002-11
臺中市,后里區,豐原,圳寮段,3006,無,15,數化轉繪,國有林班地,1976-1,TWD67二度TM座標,1200,-
臺中市,后里區,豐原,月眉段,3008,0,15,圖解法,日據時代地籍圖,0-0,地籍座標,1200,2003-03
臺中市,后里區,豐原,月眉段月眉小段,3009,0,15,圖解法,農地重劃,1963-11,地籍座標,1200,2001-10
臺中市,后里區,豐原,牛稠坑段,3010,無,15,數化轉繪,國有林班地,1974-1,TWD67二度TM座標,3000,-
臺中市,后里區,豐原,中社段,3012,0,15,圖解法,日據時代地籍圖,1900-1,地籍座標,1200,2001-10
臺中市,后里區,豐原,新店段,3014,0,15,圖解法,日據時代地籍圖,1900-1,地籍座標,1200,2002-08
臺中市,后里區,豐原,里城段,3015,0,15,圖解法,農地重劃,1964-6,地籍座標,1200,2002-08
臺中市,后里區,豐原,義里段,3017,無,15,數值法,地籍圖重測,1997-5,TWD67二度TM座標,500,-
臺中市,后里區,豐原,后義段,3018,無,15,數值法,地籍圖重測,1997-5,TWD67二度TM座標,500,-
臺中市,后里區,豐原,泉州段,3019,無,15,數值法,地籍圖重測,1997-5,TWD67二度TM座標,500,-
臺中市,后里區,豐原,后豐段,3020,無,15,數值法,地籍圖重測,1997-5,TWD67二度TM座標,500,-
臺中市,后里區,豐原,后興段,3021,無,15,數值法,地籍圖重測,1997-5,TWD67二度TM座標,500,-
臺中市,后里區,豐原,廣興段,3022,無,15,數值法,地籍圖重測,1997-5,TWD67二度TM座標,500,-
臺中市,后里區,豐原,文明段,3023,無,15,數值法,地籍圖重測,1997-5,TWD67二度TM座標,500,-
臺中市,后里區,豐原,文德段,3024,無,15,數值法,地籍圖重測,1997-5,TWD67二度TM座標,500,-
臺中市,后里區,豐原,公安段,3025,無,15,數值法,地籍圖重測,1997-5,TWD67二度TM座標,500,-
臺中市,后里區,豐原,墩北段,3026,無,15,數值法,地籍圖重測,2003-10,TWD97二度TM座標,500,-
臺中市,后里區,豐原,民富段,3027,無,15,數值法,地籍圖重測,2003-10,TWD97二度TM座標,500,-
臺中市,后里區,豐原,文化段,3028,無,15,數值法,地籍圖重測,2003-10,TWD97二度TM座標,500,-
臺中市,后里區,豐原,平安段,3029,無,15,數值法,地籍圖重測,2003-10,TWD97二度TM座標,500,-
臺中市,后里區,豐原,墩南段,3030,無,15,數值法,地籍圖重測,2003-10,TWD97二度TM座標,500,-
臺中市,后里區,豐原,新公館段,3031,無,15,數值法,地籍圖重測,2012-10,TWD97二度TM座標,500,-
臺中市,后里區,豐原,舊圳段,3032,無,15,數值法,地籍圖重測,2013-10,TWD97二度TM座標,500,-
臺中市,后里區,豐原,中和東段,3033,無,15,數值法,地籍圖重測,2018-5,TWD97[2010],500,-
臺中市,后里區,豐原,中和西段,3034,無,15,數值法,地籍圖重測,2018-5,TWD97[2010],500,-
臺中市,后里區,豐原,舊社新段,3035,無,15,數值法,地籍圖重測,2019-10,TWD97[2010],500,-
臺中市,后里區,豐原,十三張段,3036,無,15,數值法,地籍圖重測,2019-10,TWD97[2010],500,-
臺中市,后里區,豐原,四德段,3037,無,15,數值法,地籍圖重測,2019-10,TWD97[2010],500,-
臺中市,后里區,豐原,四塊庄段,3038,無,15,數值法,地籍圖重測,2020-9,TWD97[2010],500,-
臺中市,后里區,豐原,四月段,3039,無,15,數值法,地籍圖重測,2020-9,TWD97[2010],500,-
臺中市,后里區,豐原,口庄段,3040,無,15,數值法,地籍圖重測,2020-9,TWD97[2010],500,-
臺中市,后里區,豐原,后寶段,3041,無,15,數值法,地籍圖重測,2021-5,TWD97[2010],500,-
臺中市,后里區,豐原,后樟段,3042,無,15,數值法,地籍圖重測,2021-5,TWD97[2010],500,-
臺中市,后里區,豐原,后安段,3043,無,15,數值法,地籍圖重測,2021-5,TWD97[2010],500,-
臺中市,后里區,豐原,后科段,3044,無,15,數值法,地籍圖重測,2021-5,TWD97[2010],500,-
臺中市,后里區,豐原,眉山東段,3045,無,15,數值法,地籍圖重測,2021-11,TWD97[2010],500,-
臺中市,后里區,豐原,眉山西段,3046,無,15,數值法,地籍圖重測,2021-11,TWD97[2010],500,-
臺中市,后里區,豐原,中科北段,3047,無,15,數值法,工業區整理,2021-12,TWD97[2010],500,-
臺中市,后里區,豐原,中科南段,3048,無,15,數值法,工業區整理,2021-12,TWD97[2010],500,-
臺中市,后里區,豐原,新中社段,3049,無,15,數值法,地籍圖重測,2022-8,TWD97[2010],500,-
臺中市,后里區,豐原,泰安段,3050,無,15,數值法,地籍圖重測,2022-8,TWD97[2010],500,-
臺中市,后里區,豐原,金社庄段,3051,無,15,數值法,地籍圖重測,2022-8,TWD97[2010],500,-
臺中市,后里區,豐原,枋寮段,3052,無,15,數值法,地籍圖重測,2022-8,TWD97[2010],500,-
臺中市,后里區,豐原,后森段,3053,無,15,數值法,地籍圖重測,2022-8,TWD97[2010],500,-
臺中市,后里區,豐原,牛稠新段,3054,無,15,數值法,地籍圖重測,2022-8,TWD97[2010],500,-
臺中市,后里區,豐原,七星段,3055,無,15,數值法,地籍圖重測,2022-8,TWD97[2010],500,-
臺中市,后里區,豐原,新店東段,3056,無,15,數值法,地籍圖重測,2022-9,TWD97[2010],500,-
臺中市,后里區,豐原,新店西段,3057,無,15,數值法,地籍圖重測,2022-9,TWD97[2010],500,-
臺中市,神岡區,豐原,神岡段,3300,無,16,查無資料,查無資料,-,-,-,-
臺中市,神岡區,豐原,山皮段,3301,0,16,圖解法,日據時代地籍圖,1900-1,地籍座標,1200,2003-03
臺中市,神岡區,豐原,圳堵段,3303,0,16,圖解法,日據時代地籍圖,1900-1,地籍座標,1200,2003-03
臺中市,神岡區,豐原,社口段,3305,0,16,圖解法,日據時代地籍圖,1900-1,地籍座標,1200,2003-03
臺中市,神岡區,豐原,三角子段,3307,0,16,圖解法,日據時代地籍圖,1900-1,地籍座標,1200,2001-10
臺中市,神岡區,豐原,社南段,3308,0,16,圖解法,農地重劃,1971-4,地籍座標,1200,2001-10
臺中市,神岡區,豐原,建國段,3309,0,16,圖解法,農地重劃,1971-4,地籍座標,1000,2001-10
臺中市,神岡區,豐原,下溪洲段后寮小段,3310,1,16,圖解法,河川浮覆地,1981-12,TWD67二度TM座標,1200,2002-11
臺中市,神岡區,豐原,下溪洲段後壁厝小段,3311,0,16,圖解法,日據時代地籍圖,0-0,地籍座標,1200,2002-11
臺中市,神岡區,豐原,望寮段,3312,無,16,數值法,地籍圖重測,1993-5,TWD67二度TM座標,500,-
臺中市,神岡區,豐原,圳前段,3313,無,16,數值法,地籍圖重測,1993-5,TWD67二度TM座標,500,-
臺中市,神岡區,豐原,福隆段,3314,無,16,數值法,地籍圖重測,1993-5,TWD67二度TM座標,500,-
臺中市,神岡區,豐原,厚生段,3315,無,16,數值法,地籍圖重測,1993-5,TWD67二度TM座標,500,-
臺中市,神岡區,豐原,林厝段,3316,無,16,數值法,地籍圖重測,1993-5,TWD67二度TM座標,500,-
臺中市,神岡區,豐原,神圳段,3317,無,16,數值法,地籍圖重測,1993-5,TWD67二度TM座標,500,-
臺中市,神岡區,豐原,順濟段,3318,無,16,數值法,地籍圖重測,1993-5,TWD67二度TM座標,500,-
臺中市,神岡區,豐原,神林段,3319,無,16,數值法,地籍圖重測,1993-5,TWD67二度TM座標,500,-
臺中市,神岡區,豐原,神洲段,3320,無,16,數值法,市地重劃,1998-4,TWD67二度TM座標,500,-
臺中市,神岡區,豐原,大富段,3321,無,16,數值法,地籍圖重測,2006-10,TWD97二度TM座標,500,-
臺中市,神岡區,豐原,岸裡段,3322,無,16,數值法,地籍圖重測,2006-10,TWD97二度TM座標,500,-
臺中市,神岡區,豐原,大社東段,3323,無,16,數值法,地籍圖重測,2007-11,TWD97二度TM座標,500,-
臺中市,神岡區,豐原,大洲段,3324,無,16,數值法,地籍圖重測,2008-9,TWD97二度TM座標,500,-
臺中市,神岡區,豐原,前寮段,3325,無,16,數值法,地籍圖重測,2009-10,TWD97二度TM座標,500,-
臺中市,神岡區,豐原,神工段,3326,無,16,數值法,工業區整理,2011-4,TWD97二度TM座標,500,-
臺中市,神岡區,豐原,十五庄段,3327,無,16,數值法,地籍圖重測,2010-9,TWD97二度TM座標,500,-
臺中市,神岡區,豐原,豐洲北段,3328,無,16,數值法,地籍圖重測,2010-9,TWD97二度TM座標,500,-
臺中市,神岡區,豐原,豐工段,3329,無,16,數值法,地籍圖重測,2014-12,TWD97二度TM座標,500,-
臺中市,神岡區,豐原,大明段,3331,無,16,數值法,地籍圖重測,2015-11,TWD97二度TM座標,500,-
臺中市,神岡區,豐原,大豐段,3332,無,16,數值法,地籍圖重測,2016-9,TWD97二度TM座標,500,-
臺中市,神岡區,豐原,國豐段,3333,無,16,數值法,地籍圖重測,2016-9,TWD97二度TM座標,500,-
臺中市,神岡區,豐原,三角東段,3334,無,16,數值法,地籍圖重測,2017-10,TWD97[2010],500,-
臺中市,神岡區,豐原,三角西段,3335,無,16,數值法,地籍圖重測,2017-10,TWD97[2010],500,-
臺中市,神岡區,豐原,光啟段,3336,無,16,數值法,地籍圖重測,2017-10,TWD97二度TM座標,500,-
臺中市,神岡區,豐原,李洲段,3337,無,16,數值法,地籍圖重測,2017-10,TWD97二度TM座標,500,-
臺中市,神岡區,豐原,溪洲段,3338,無,16,數值法,地籍圖重測,2018-9,TWD97二度TM座標,500,-
臺中市,神岡區,豐原,竹圍段,3339,無,16,數值法,地籍圖重測,2018-9,TWD97二度TM座標,500,-
臺中市,神岡區,豐原,朝清段,3340,無,16,數值法,地籍圖重測,2019-6,TWD97[2010],500,-
臺中市,神岡區,豐原,福庄段,3341,無,16,數值法,地籍圖重測,2019-6,TWD97[2010],500,-
臺中市,神岡區,豐原,仁愛段,3342,無,16,數值法,地籍圖重測,2019-6,TWD97[2010],500,-
臺中市,神岡區,豐原,光復段,3343,無,16,數值法,地籍圖重測,2019-6,TWD97[2010],500,-
臺中市,神岡區,豐原,新和段,3344,無,16,數值法,地籍圖重測,2020-6,TWD97[2010],500,-
臺中市,神岡區,豐原,新興段,3345,無,16,數值法,地籍圖重測,2020-6,TWD97[2010],500,-
臺中市,神岡區,豐原,新圳段,3346,無,16,數值法,地籍圖重測,2020-6,TWD97[2010],500,-
臺中市,神岡區,豐原,圳北段,3347,無,16,數值法,地籍圖重測,2020-6,TWD97[2010],500,-
臺中市,神岡區,豐原,六張段,3348,無,16,數值法,地籍圖重測,2020-6,TWD97[2010],500,-
臺中市,神岡區,豐原,溝心段,3349,無,16,數值法,地籍圖重測,2020-6,TWD97[2010],500,-
臺中市,神岡區,豐原,宋厝段,3350,無,16,數值法,地籍圖重測,2021-11,TWD97[2010],500,-
臺中市,神岡區,豐原,新社口段,3351,無,16,數值法,地籍圖重測,2022-9,TWD97二度TM座標,500,-
臺中市,神岡區,豐原,庄前段,3352,無,16,數值法,地籍圖重測,2024-9,TWD97[2010],500,-
臺中市,神岡區,豐原,瓦磘腳段,3353,無,16,數值法,地籍圖重測,2025-9,TWD97[2010],500,-
